cond_s,mean,sd,upper_pct,lower_pct
other,0.0555045274784023,0.0448759637823109,0.145942931565597,-0.0346080892281849
