cond_s,mean,sd,upper_pct,lower_pct
other,-0.150590072164864,0.634153461386177,0.97215195833131,-0.891749766972051
