cond_s,mean,sd,upper_pct,lower_pct
other,-0.0310049054742883,0.0594569193958848,0.0561619574916836,-0.153094551606517
