cond_s,mean,sd,upper_pct,lower_pct
other,0.827339039144525,0.181188177886703,0.996731463260852,0.2668622904402
